x,y,kind,poincare_index_rad,branch_angles_rad,coherence
120,136,core,3.14159265,"[0.20943951, 2.02458193]",0.74973887
145,210,core,3.14159265,"[1.78023584, 4.32841654]",0.59730691
197,278,delta,-3.14159265,"[0.9424778, 2.93215314, 5.09636142]",0.54260767
